,NAME,ROLL,e-MAIL
16,Sharity Bille,2001CB32,sbillev@ibm.com
17,Eustacia Izen,2001CB33,eizenw@howstuffworks.com
18,Debera Cherry,2001CB34,dcherryx@loc.gov
19,Joan Coulter,2001CB35,jcoultery@xinhuanet.com
20,Brittney Petri,2001CB36,bpetriz@ifeng.com
10,Demetris Ceeley,2001CE34,dceeley2p@sun.com
11,Danni Withull,2001CE35,dwithull2q@amazonaws.com
12,Maxine Beere,2001CE36,mbeere2r@hp.com
13,Brook Le Blond,2001CE37,ble2s@fema.gov
14,Petunia Northwood,2001CE38,pnorthwood2t@clickbank.net
15,Rudolfo Fellowes,2001CE39,rfellowes2u@webmd.com
21,Sapphira Mico,2001CS42,smico4r@alibaba.com
22,Joanne Truin,2001CS43,jtruin4s@ca.gov
23,Wilma Braithwaite,2001CS44,wbraithwaite4t@salon.com
24,Rosmunda Rosenfarb,2001CS45,rrosenfarb4u@vk.com
25,Sisely Masarrat,2001CS46,smasarrat4v@columbia.edu
26,Josselyn Reddel,2001CS47,jreddel4w@ask.com
27,Juli Amorts,2001CS48,jamorts4x@dion.ne.jp
28,Aaron Bonavia,2001EE43,abonavia71@gizmodo.com
29,Connie Carratt,2001EE44,ccarratt72@loc.gov
30,Birch Schultz,2001EE45,bschultz73@4shared.com
31,Dall Gosker,2001EE46,dgosker74@sitemeter.com
32,Reinald Joburn,2001EE47,rjoburn75@google.com.au
33,Nicol Kersey,2001EE48,nkersey76@icio.us
34,Pace Eastman,2001EE49,peastman77@gnu.org
3,Allyson Blackhall,2001ME42,ablackhall9b@about.me
4,Minnaminnie Skirvane,2001ME43,mskirvane9c@delicious.com
5,Clem Manby,2001ME44,cmanby9d@posterous.com
6,Rhona Coggen,2001ME45,rcoggen9e@nhs.uk
7,Lydia Jacomb,2001ME46,ljacomb9f@whitehouse.gov
8,Rafaello Conti,2001ME47,rconti9g@edublogs.org
9,Lia Dutton,2001ME48,ldutton9h@geocities.com
0,Wendie Burgwyn,2001MM23,wburgwynb3@nationalgeographic.com
1,Boris Casol,2001MM24,bcasolb4@bloglines.com
2,Rory Tutsell,2001MM25,rtutsellb5@wikimedia.org
