,NAME,ROLL,e-MAIL
15,Alphard Lesper,2001CB59,alesper1m@freewebs.com
16,Tera Bohan,2001CB60,tbohan1n@spotify.com
17,Moreen Ucceli,2001CB61,mucceli1o@e-recht24.de
18,Tomasine Nancekivell,2001CB62,tnancekivell1p@goo.gl
19,Evan Kantor,2001CB63,ekantor1q@bigcartel.com
20,Leora Kingzett,2001CB64,lkingzett1r@irs.gov
10,Salomo Pleasance,2001CE62,spleasance3h@hexun.com
11,Huntington Kettlesting,2001CE63,hkettlesting3i@goo.gl
12,Bevan Tregust,2001CE64,btregust3j@cyberchimps.com
13,Andrus Raddenbury,2001CE65,araddenbury3k@theatlantic.com
14,Alys Churchill,2001CE66,achurchill3l@cdc.gov
21,Zitella Lennie,2001CS76,zlennie5p@deliciousdays.com
22,Karalynn Tole,2001CS77,ktole5q@twitpic.com
23,Gae O'Henecan,2001CS78,gohenecan5r@dailymail.co.uk
24,Solomon Hellewell,2001CS79,shellewell5s@who.int
25,Mortimer Nasi,2001CS80,mnasi5t@wix.com
26,Rhoda Brisset,2001CS81,rbrisset5u@hexun.com
27,Boy Pikesley,2001EE77,bpikesley7z@samsung.com
28,Adolphe Tax,2001EE78,atax80@webnode.com
29,Wendi Narup,2001EE79,wnarup81@biblegateway.com
30,Dominic Celier,2001EE80,dcelier82@gizmodo.com
31,Corella Saunders,2001EE81,csaunders83@google.co.jp
32,Gregor Chucks,2001EE82,gchucks84@nytimes.com
33,Shel Skep,2001EE83,sskep85@vimeo.com
3,Imojean Oakland,2001ME77,ioaklandaa@sakura.ne.jp
4,Carlynne Anthon,2001ME78,canthonab@dailymail.co.uk
5,Vickie Levane,2001ME79,vlevaneac@chron.com
6,Katherina Treneer,2001ME80,ktreneerad@stanford.edu
7,Joete Hinkley,2001ME81,jhinkleyae@cnn.com
8,Chet Plaister,2001ME82,cplaisteraf@amazon.com
9,Saudra Sunock,2001ME83,ssunockag@1688.com
0,Patsy Stoade,2001MM38,pstoadebi@cbc.ca
1,Randi Rippin,2001MM39,rrippinbj@google.es
2,Oswald Spencers,2001MM40,ospencersbk@tumblr.com
