,NAME,ROLL,e-MAIL
16,Edward Mathers,2001CB37,emathers10@google.nl
17,Tabbie Raoux,2001CB38,traoux11@nhs.uk
18,Earle Von Brook,2001CB39,evon12@timesonline.co.uk
19,Axe Thorneywork,2001CB40,athorneywork13@canalblog.com
20,Dynah Moakler,2001CB41,dmoakler14@newyorker.com
10,Glyn Gaw,2001CE40,ggaw2v@github.io
11,Ardith Shrive,2001CE41,ashrive2w@who.int
12,Abeu Filintsev,2001CE42,afilintsev2x@reverbnation.com
13,Bamby Wilkie,2001CE43,bwilkie2y@tinypic.com
14,Wyn Crole,2001CE44,wcrole2z@pcworld.com
15,Morgen Sturmey,2001CE45,msturmey30@artisteer.com
21,Tedda Woodington,2001CS49,twoodington4y@seesaa.net
22,Roslyn Pieche,2001CS50,rpieche4z@a8.net
23,Devland Busk,2001CS51,dbusk50@printfriendly.com
24,Alfons Tixier,2001CS52,atixier51@joomla.org
25,Anson Spreull,2001CS53,aspreull52@loc.gov
26,Tasha Studde,2001CS54,tstudde53@typepad.com
27,Cam Mawson,2001CS55,cmawson54@newsvine.com
28,Raeann Schooley,2001EE50,rschooley78@diigo.com
29,Gayel Lumsdall,2001EE51,glumsdall79@meetup.com
30,Olenka Paunton,2001EE52,opaunton7a@elpais.com
31,Traci Hengoed,2001EE53,thengoed7b@cmu.edu
32,Marga Coulter,2001EE54,mcoulter7c@360.cn
33,Jasun Lochet,2001EE55,jlochet7d@rambler.ru
34,Nevins Thorrold,2001EE56,nthorrold7e@is.gd
3,Aurora Giabuzzi,2001ME49,agiabuzzi9i@china.com.cn
4,Fleming Yosevitz,2001ME50,fyosevitz9j@sogou.com
5,Malvina Isaq,2001ME51,misaq9k@umn.edu
6,Celinda Sheavills,2001ME52,csheavills9l@japanpost.jp
7,Theodore Woolliams,2001ME53,twoolliams9m@latimes.com
8,Travis Duckham,2001ME54,tduckham9n@etsy.com
9,Bondie Banaszczyk,2001ME55,bbanaszczyk9o@google.com.br
0,Hew Tolemache,2001MM26,htolemacheb6@last.fm
1,Bette Oggers,2001MM27,boggersb7@istockphoto.com
2,Dougy Kubecka,2001MM28,dkubeckab8@xing.com
