,NAME,ROLL,e-MAIL
16,Derry Spoerl,2001CB22,dspoerll@cisco.com
17,Vivian Gonsalvez,2001CB23,vgonsalvezm@home.pl
18,Loy Antonetti,2001CB24,lantonettin@hubpages.com
19,Melisent Perone,2001CB25,mperoneo@adobe.com
20,Cordelia Abbyss,2001CB26,cabbyssp@cdc.gov
10,Loria Whawell,2001CE22,lwhawell2d@zdnet.com
11,Antonie Wegener,2001CE23,awegener2e@scribd.com
12,Ardelia Thame,2001CE24,athame2f@webnode.com
13,Alfi Tompkin,2001CE25,atompkin2g@ebay.com
14,Katuscha Tregidga,2001CE26,ktregidga2h@ustream.tv
15,Rowena Kohen,2001CE27,rkohen2i@mashable.com
21,Yankee Dakhov,2001CS28,ydakhov4d@timesonline.co.uk
22,Salome Hymor,2001CS29,shymor4e@bandcamp.com
23,Ariela Ragdale,2001CS30,aragdale4f@addtoany.com
24,Wolfie Clother,2001CS31,wclother4g@hibu.com
25,Tracey Hoofe,2001CS32,thoofe4h@google.fr
26,Janos Gurys,2001CS33,jgurys4i@tinyurl.com
27,Micky McCarle,2001CS34,mmccarle4j@creativecommons.org
28,Dominik Lafont,2001EE29,dlafont6n@seattletimes.com
29,Alberik Idiens,2001EE30,aidiens6o@constantcontact.com
30,Ulrich Gouly,2001EE31,ugouly6p@scribd.com
31,Karlis Ruit,2001EE32,kruit6q@soundcloud.com
32,Perle Rexworthy,2001EE33,prexworthy6r@example.com
33,Cathi De Lisle,2001EE34,cde6s@biblegateway.com
34,Sybilla Rust,2001EE35,srust6t@wordpress.com
3,Margaretta Been,2001ME28,mbeen8x@npr.org
4,Val Pace,2001ME29,vpace8y@samsung.com
5,Rudy Galland,2001ME30,rgalland8z@cdbaby.com
6,Margy Ginnell,2001ME31,mginnell90@cnbc.com
7,Jermaine Dwelley,2001ME32,jdwelley91@google.ru
8,Fernandina Barnby,2001ME33,fbarnby92@sciencedaily.com
9,Imelda Knapper,2001ME34,iknapper93@bandcamp.com
0,Ophelia Hayne,2001MM17,ohayneax@columbia.edu
1,Celinka Sweetenham,2001MM18,csweetenhamay@businessweek.com
2,Caddric Rubroe,2001MM19,crubroeaz@ca.gov
