,NAME,ROLL,e-MAIL
15,Norby O' Brian,2001CB47,no1a@yolasite.com
16,Nicol Dimberline,2001CB48,ndimberline1b@godaddy.com
17,Bail Croster,2001CB49,bcroster1c@hhs.gov
18,Linc Crinson,2001CB50,lcrinson1d@redcross.org
19,Justin Pesik,2001CB51,jpesik1e@nytimes.com
20,Arlen Kiddell,2001CB52,akiddell1f@jimdo.com
10,Aldric Bellefonte,2001CE52,abellefonte37@home.pl
11,Con Sieghart,2001CE53,csieghart38@hud.gov
12,Delora Farens,2001CE54,dfarens39@opensource.org
13,Desmund Judkin,2001CE55,djudkin3a@1688.com
14,Channa McFadyen,2001CE56,cmcfadyen3b@aboutads.info
21,Brigham Skarr,2001CS63,bskarr5c@jigsy.com
22,Anallese Speakman,2001CS64,aspeakman5d@trellian.com
23,Nester Cleverley,2001CS65,ncleverley5e@indiegogo.com
24,Cissiee von Nassau,2001CS66,cvon5f@fda.gov
25,Alexia Downey,2001CS67,adowney5g@chron.com
26,Kean Saltmarshe,2001CS68,ksaltmarshe5h@aol.com
27,Heriberto Roughan,2001CS69,hroughan5i@newyorker.com
28,Lester MacGray,2001EE64,lmacgray7m@comcast.net
29,Dall Dumberell,2001EE65,ddumberell7n@apache.org
30,Jami Schimon,2001EE66,jschimon7o@utexas.edu
31,Reagan Synnott,2001EE67,rsynnott7p@amazon.com
32,Elna Toppas,2001EE68,etoppas7q@hostgator.com
33,Erin Roblin,2001EE69,eroblin7r@latimes.com
3,Sallyanne Grieveson,2001ME63,sgrieveson9w@foxnews.com
4,Mathilda Mc Cahey,2001ME64,mmc9x@meetup.com
5,Mischa Bront,2001ME65,mbront9y@mac.com
6,Yolanda Lound,2001ME66,ylound9z@w3.org
7,Marillin Smaridge,2001ME67,msmaridgea0@blog.com
8,Aksel Bruntjen,2001ME68,abruntjena1@hao123.com
9,Betsy Wollen,2001ME69,bwollena2@tamu.edu
0,Yolande Andrioli,2001MM32,yandriolibc@chron.com
1,Minda Gudgin,2001MM33,mgudginbd@arizona.edu
2,Reeba Higgen,2001MM34,rhiggenbe@wisc.edu
