,NAME,ROLL,e-MAIL
16,Adda Glyde,2001CB42,aglyde15@statcounter.com
17,Flint Knappitt,2001CB43,fknappitt16@cam.ac.uk
18,Naoma Yackiminie,2001CB44,nyackiminie17@scientificamerican.com
19,Phylys Ferraresi,2001CB45,pferraresi18@privacy.gov.au
20,Norah Trodler,2001CB46,ntrodler19@un.org
10,Hadley Hevey,2001CE46,hhevey31@noaa.gov
11,Torey Seymour,2001CE47,tseymour32@wikipedia.org
12,Cicely Mayes,2001CE48,cmayes33@acquirethisname.com
13,Bess Bradnock,2001CE49,bbradnock34@aol.com
14,Patric Bridgland,2001CE50,pbridgland35@feedburner.com
15,Lezley De Benedetti,2001CE51,lde36@admin.ch
21,Teodor Crowcroft,2001CS56,tcrowcroft55@about.me
22,Neall McCann,2001CS57,nmccann56@wufoo.com
23,Cammy O'Doran,2001CS58,codoran57@bizjournals.com
24,Nanette Kalb,2001CS59,nkalb58@sciencedirect.com
25,Angel Chessor,2001CS60,achessor59@yandex.ru
26,Micky Axelbee,2001CS61,maxelbee5a@soup.io
27,Stearn Malarkey,2001CS62,smalarkey5b@amazonaws.com
28,Roxine Elletson,2001EE57,relletson7f@netvibes.com
29,Ethelred Dowzell,2001EE58,edowzell7g@lycos.com
30,Arni Bowich,2001EE59,abowich7h@multiply.com
31,Vidovic Pidgin,2001EE60,vpidgin7i@topsy.com
32,Towney Feary,2001EE61,tfeary7j@elegantthemes.com
33,Nerte Goney,2001EE62,ngoney7k@usda.gov
34,Libbie Oxterby,2001EE63,loxterby7l@utexas.edu
3,Dorry Deyenhardt,2001ME56,ddeyenhardt9p@newsvine.com
4,Deeann Ellacombe,2001ME57,dellacombe9q@altervista.org
5,Nathan Eastgate,2001ME58,neastgate9r@redcross.org
6,Bethena Stripp,2001ME59,bstripp9s@addtoany.com
7,Timmie Mecozzi,2001ME60,tmecozzi9t@tumblr.com
8,Randal Basezzi,2001ME61,rbasezzi9u@so-net.ne.jp
9,Abran Cursey,2001ME62,acursey9v@mtv.com
0,Carlyle Belamy,2001MM29,cbelamyb9@dell.com
1,Estella Brikner,2001MM30,ebriknerba@blogs.com
2,Camellia Doak,2001MM31,cdoakbb@zdnet.com
