,NAME,ROLL,e-MAIL
16,Catlee ffrench Beytagh,2001CB17,cffrenchg@joomla.org
17,Dmitri Larrie,2001CB18,dlarrieh@google.co.jp
18,Elie Bourne,2001CB19,ebournei@google.co.uk
19,Russ Heynel,2001CB20,rheynelj@ox.ac.uk
20,Dallas Burtt,2001CB21,dburttk@ihg.com
10,Corby Trustram,2001CE16,ctrustram27@dot.gov
11,Mame Taylour,2001CE17,mtaylour28@symantec.com
12,Nataniel Elkington,2001CE18,nelkington29@miitbeian.gov.cn
13,Iorgo Monck,2001CE19,imonck2a@npr.org
14,Lucina Nowick,2001CE20,lnowick2b@hibu.com
15,Rowena Fishbourne,2001CE21,rfishbourne2c@hostgator.com
21,Eleni Orsman,2001CS21,eorsman46@howstuffworks.com
22,Zachariah Riepl,2001CS22,zriepl47@cyberchimps.com
23,Stacie Yukhnev,2001CS23,syukhnev48@miibeian.gov.cn
24,Phylys McGlade,2001CS24,pmcglade49@army.mil
25,Brnaba Conibear,2001CS25,bconibear4a@twitpic.com
26,Anjela Pauer,2001CS26,apauer4b@marriott.com
27,Sheba Fairhead,2001CS27,sfairhead4c@craigslist.org
28,Cody Strickland,2001EE22,cstrickland6g@virginia.edu
29,Genovera Jentgens,2001EE23,gjentgens6h@umn.edu
30,Rosette Beuscher,2001EE24,rbeuscher6i@fc2.com
31,Elayne Striker,2001EE25,estriker6j@slate.com
32,Cacilia Dymoke,2001EE26,cdymoke6k@telegraph.co.uk
33,Rona Allbrook,2001EE27,rallbrook6l@e-recht24.de
34,Corinne Rotchell,2001EE28,crotchell6m@ning.com
4,Devlin Momery,2001ME22,dmomery8r@reuters.com
5,Helsa Elsey,2001ME23,helsey8s@nyu.edu
6,Curr Jannaway,2001ME24,cjannaway8t@columbia.edu
7,Mandi Laverock,2001ME25,mlaverock8u@about.me
8,Dionne Deviney,2001ME26,ddeviney8v@diigo.com
9,Bron Wharmby,2001ME27,bwharmby8w@dell.com
0,Webb Cleere,2001MM13,wcleereat@samsung.com
1,Ferdie Melliard,2001MM14,fmelliardau@nps.gov
2,Noach Schohier,2001MM15,nschohierav@bbb.org
3,Billie Tewkesberrie,2001MM16,btewkesberrieaw@statcounter.com
