,NAME,ROLL,e-MAIL
16,Bibbie Hargreave,2001CB27,bhargreaveq@senate.gov
17,Phyllys Terrey,2001CB28,pterreyr@dagondesign.com
18,Arlen Delacoste,2001CB29,adelacostes@over-blog.com
19,Bobbye Oxbrough,2001CB30,boxbrought@theglobeandmail.com
20,York Martynikhin,2001CB31,ymartynikhinu@rediff.com
10,Jan Lobell,2001CE28,jlobell2j@cbslocal.com
11,Shawna Merida,2001CE29,smerida2k@csmonitor.com
12,Siffre Cordle,2001CE30,scordle2l@harvard.edu
13,Dallon Wittier,2001CE31,dwittier2m@addtoany.com
14,Prentiss Gwioneth,2001CE32,pgwioneth2n@edublogs.org
15,Robyn Nelsey,2001CE33,rnelsey2o@ebay.co.uk
21,Niles Brogan,2001CS35,nbrogan4k@mit.edu
22,Kellina Gibbeson,2001CS36,kgibbeson4l@ucoz.ru
23,Meyer Cubbinelli,2001CS37,mcubbinelli4m@toplist.cz
24,Ramsey Skelton,2001CS38,rskelton4n@constantcontact.com
25,Lina Naismith,2001CS39,lnaismith4o@businessweek.com
26,Boyd McPhate,2001CS40,bmcphate4p@drupal.org
27,Marie-jeanne Mingardi,2001CS41,mmingardi4q@thetimes.co.uk
28,Velvet Rubinowicz,2001EE36,vrubinowicz6u@163.com
29,Sandro Endicott,2001EE37,sendicott6v@eepurl.com
30,Cully Hanwright,2001EE38,chanwright6w@mlb.com
31,Roi Tustin,2001EE39,rtustin6x@craigslist.org
32,Ray Doleman,2001EE40,rdoleman6y@feedburner.com
33,Inna Luisetti,2001EE41,iluisetti6z@ed.gov
34,Barb Sheepy,2001EE42,bsheepy70@sciencedaily.com
3,Forster Kort,2001ME35,fkort94@usatoday.com
4,Kent Livsey,2001ME36,klivsey95@php.net
5,Jacobo Whyman,2001ME37,jwhyman96@slideshare.net
6,Vilhelmina Fleischmann,2001ME38,vfleischmann97@biglobe.ne.jp
7,Ted Gordon-Giles,2001ME39,tgordongiles98@acquirethisname.com
8,Eloise Battson,2001ME40,ebattson99@netlog.com
9,Mellisent Pottery,2001ME41,mpottery9a@163.com
0,Jayson Adrien,2001MM20,jadrienb0@icq.com
1,Berne Okey,2001MM21,bokeyb1@facebook.com
2,Anatollo Davenhill,2001MM22,adavenhillb2@usda.gov
